con_id,key,value
con_0,rows,0
con_0,cols,0
con_1,rows,0
con_1,cols,1
con_2,rows,0
con_2,cols,2
con_3,rows,0
con_3,cols,3
con_4,rows,0
con_4,cols,4
con_5,rows,0
con_5,cols,5
con_6,rows,1
con_6,cols,0
con_7,rows,1
con_7,cols,1
con_8,rows,1
con_8,cols,2
con_9,rows,1
con_9,cols,3
con_10,rows,1
con_10,cols,4
con_11,rows,1
con_11,cols,5
con_12,rows,2
con_12,cols,0
con_13,rows,2
con_13,cols,1
con_14,rows,2
con_14,cols,2
con_15,rows,2
con_15,cols,3
con_16,rows,2
con_16,cols,4
con_17,rows,2
con_17,cols,5
con_18,rows,3
con_18,cols,0
con_19,rows,3
con_19,cols,1
con_20,rows,3
con_20,cols,2
con_21,rows,3
con_21,cols,3
con_22,rows,3
con_22,cols,4
con_23,rows,3
con_23,cols,5
con_24,rows,4
con_24,cols,0
con_25,rows,4
con_25,cols,1
con_26,rows,4
con_26,cols,2
con_27,rows,4
con_27,cols,3
con_28,rows,4
con_28,cols,4
con_29,rows,4
con_29,cols,5
con_30,rows,5
con_30,cols,0
con_31,rows,5
con_31,cols,1
con_32,rows,5
con_32,cols,2
con_33,rows,5
con_33,cols,3
con_34,rows,5
con_34,cols,4
con_35,rows,5
con_35,cols,5
con_36,rows,0
con_36,cols,0
con_37,rows,0
con_37,cols,1
con_38,rows,0
con_38,cols,2
con_39,rows,0
con_39,cols,3
con_40,rows,0
con_40,cols,4
con_41,rows,0
con_41,cols,5
con_42,rows,1
con_42,cols,0
con_43,rows,1
con_43,cols,1
con_44,rows,1
con_44,cols,2
con_45,rows,1
con_45,cols,3
con_46,rows,1
con_46,cols,4
con_47,rows,1
con_47,cols,5
con_48,rows,2
con_48,cols,0
con_49,rows,2
con_49,cols,1
con_50,rows,2
con_50,cols,2
con_51,rows,2
con_51,cols,3
con_52,rows,2
con_52,cols,4
con_53,rows,2
con_53,cols,5
con_54,rows,3
con_54,cols,0
con_55,rows,3
con_55,cols,1
con_56,rows,3
con_56,cols,2
con_57,rows,3
con_57,cols,3
con_58,rows,3
con_58,cols,4
con_59,rows,3
con_59,cols,5
con_60,rows,4
con_60,cols,0
con_61,rows,4
con_61,cols,1
con_62,rows,4
con_62,cols,2
con_63,rows,4
con_63,cols,3
con_64,rows,4
con_64,cols,4
con_65,rows,4
con_65,cols,5
con_66,rows,5
con_66,cols,0
con_67,rows,5
con_67,cols,1
con_68,rows,5
con_68,cols,2
con_69,rows,5
con_69,cols,3
con_70,rows,5
con_70,cols,4
con_71,rows,5
con_71,cols,5
con_6372,permutation_id,0
con_6373,permutation_id,1
con_6374,permutation_id,2
con_6375,permutation_id,3
con_6376,permutation_id,4
con_6377,permutation_id,5
con_6378,permutation_id,6
con_6379,permutation_id,7
con_6380,permutation_id,8
con_6381,permutation_id,9
con_6382,permutation_id,10
con_6383,permutation_id,11
con_6384,permutation_id,12
con_6385,permutation_id,13
con_6386,permutation_id,14
con_6387,permutation_id,15
con_6388,permutation_id,16
con_6389,permutation_id,17
con_6390,permutation_id,18
con_6391,permutation_id,19
con_6392,permutation_id,20
con_6393,permutation_id,21
con_6394,permutation_id,22
con_6395,permutation_id,23
con_6396,permutation_id,24
con_6397,permutation_id,25
con_6398,permutation_id,26
con_6399,permutation_id,27
con_6400,permutation_id,28
con_6401,permutation_id,29
con_6402,permutation_id,30
con_6403,permutation_id,31
con_6404,permutation_id,32
con_6405,permutation_id,33
con_6406,permutation_id,34
con_6407,permutation_id,35
con_6408,permutation_id,36
con_6409,permutation_id,37
con_6410,permutation_id,38
con_6411,permutation_id,39
con_6412,permutation_id,40
con_6413,permutation_id,41
con_6414,permutation_id,42
con_6415,permutation_id,43
con_6416,permutation_id,44
con_6417,permutation_id,45
con_6418,permutation_id,46
con_6419,permutation_id,47
con_6420,permutation_id,48
con_6421,permutation_id,49
con_6422,permutation_id,50
con_6423,permutation_id,51
con_6424,permutation_id,52
con_6425,permutation_id,53
con_6426,permutation_id,54
con_6427,permutation_id,55
con_6428,permutation_id,56
con_6429,permutation_id,57
con_6430,permutation_id,58
con_6431,permutation_id,59
con_6432,permutation_id,60
con_6433,permutation_id,61
con_6434,permutation_id,62
con_6435,permutation_id,63
con_6436,permutation_id,64
con_6437,permutation_id,65
con_6438,permutation_id,66
con_6439,permutation_id,67
con_6440,permutation_id,68
con_6441,permutation_id,69
con_6442,permutation_id,70
con_6443,permutation_id,71
con_6444,permutation_id,72
con_6445,permutation_id,73
con_6446,permutation_id,74
con_6447,permutation_id,75
con_6448,permutation_id,76
con_6449,permutation_id,77
con_6450,permutation_id,78
con_6451,permutation_id,79
con_6452,permutation_id,80
con_6453,permutation_id,81
con_6454,permutation_id,82
con_6455,permutation_id,83
con_6456,permutation_id,84
con_6457,permutation_id,85
con_6458,permutation_id,86
con_6459,permutation_id,87
con_6460,permutation_id,88
con_6461,permutation_id,89
con_6462,permutation_id,90
con_6463,permutation_id,91
con_6464,permutation_id,92
con_6465,permutation_id,93
con_6466,permutation_id,94
con_6467,permutation_id,95
con_6468,permutation_id,96
con_6469,permutation_id,97
con_6470,permutation_id,98
con_6471,permutation_id,99
con_6472,permutation_id,100
con_6473,permutation_id,101
con_6474,permutation_id,102
con_6475,permutation_id,103
con_6476,permutation_id,104
con_6477,permutation_id,105
con_6478,permutation_id,106
con_6479,permutation_id,107
con_6480,permutation_id,108
con_6481,permutation_id,109
con_6482,permutation_id,110
con_6483,permutation_id,111
con_6484,permutation_id,112
con_6485,permutation_id,113
con_6486,permutation_id,114
con_6487,permutation_id,115
con_6488,permutation_id,116
con_6489,permutation_id,117
con_6490,permutation_id,118
con_6491,permutation_id,119
con_6492,permutation_id,120
con_6493,permutation_id,121
con_6494,permutation_id,122
con_6495,permutation_id,123
con_6496,permutation_id,124
con_6497,permutation_id,125
con_6498,permutation_id,126
con_6499,permutation_id,127
con_6500,permutation_id,128
con_6501,permutation_id,129
con_6502,permutation_id,130
con_6503,permutation_id,131
con_6504,permutation_id,132
con_6505,permutation_id,133
con_6506,permutation_id,134
con_6507,permutation_id,135
con_6508,permutation_id,136
con_6509,permutation_id,137
con_6510,permutation_id,138
con_6511,permutation_id,139
con_6512,permutation_id,140
con_6513,permutation_id,141
con_6514,permutation_id,142
con_6515,permutation_id,143
con_6516,permutation_id,144
con_6517,permutation_id,145
con_6518,permutation_id,146
con_6519,permutation_id,147
con_6520,permutation_id,148
con_6521,permutation_id,149
con_6522,permutation_id,150
con_6523,permutation_id,151
con_6524,permutation_id,152
con_6525,permutation_id,153
con_6526,permutation_id,154
con_6527,permutation_id,155
con_6528,permutation_id,156
con_6529,permutation_id,157
con_6530,permutation_id,158
con_6531,permutation_id,159
con_6532,permutation_id,160
con_6533,permutation_id,161
con_6534,permutation_id,162
con_6535,permutation_id,163
con_6536,permutation_id,164
con_6537,permutation_id,165
con_6538,permutation_id,166
con_6539,permutation_id,167
con_6540,permutation_id,168
con_6541,permutation_id,169
con_6542,permutation_id,170
con_6543,permutation_id,171
con_6544,permutation_id,172
con_6545,permutation_id,173
con_6546,permutation_id,174
con_6547,permutation_id,175
con_6548,permutation_id,176
con_6549,permutation_id,177
con_6550,permutation_id,178
con_6551,permutation_id,179
con_6552,permutation_id,180
con_6553,permutation_id,181
con_6554,permutation_id,182
con_6555,permutation_id,183
con_6556,permutation_id,184
con_6557,permutation_id,185
con_6558,permutation_id,186
con_6559,permutation_id,187
con_6560,permutation_id,188
con_6561,permutation_id,189
con_6562,permutation_id,190
con_6563,permutation_id,191
con_6564,permutation_id,192
con_6565,permutation_id,193
con_6566,permutation_id,194
con_6567,permutation_id,195
con_6568,permutation_id,196
con_6569,permutation_id,197
con_6570,permutation_id,198
con_6571,permutation_id,199
con_6572,permutation_id,200
con_6573,permutation_id,201
con_6574,permutation_id,202
con_6575,permutation_id,203
con_6576,permutation_id,204
con_6577,permutation_id,205
con_6578,permutation_id,206
con_6579,permutation_id,207
con_6580,permutation_id,208
con_6581,permutation_id,209
con_6582,permutation_id,210
con_6583,permutation_id,211
con_6584,permutation_id,212
con_6585,permutation_id,213
con_6586,permutation_id,214
con_6587,permutation_id,215
con_6588,permutation_id,216
con_6589,permutation_id,217
con_6590,permutation_id,218
con_6591,permutation_id,219
con_6592,permutation_id,220
con_6593,permutation_id,221
con_6594,permutation_id,222
con_6595,permutation_id,223
con_6596,permutation_id,224
con_6597,permutation_id,225
con_6598,permutation_id,226
con_6599,permutation_id,227
con_6600,permutation_id,228
con_6601,permutation_id,229
con_6602,permutation_id,230
con_6603,permutation_id,231
con_6604,permutation_id,232
con_6605,permutation_id,233
con_6606,permutation_id,234
con_6607,permutation_id,235
con_6608,permutation_id,236
con_6609,permutation_id,237
con_6610,permutation_id,238
con_6611,permutation_id,239
con_6612,permutation_id,240
con_6613,permutation_id,241
con_6614,permutation_id,242
con_6615,permutation_id,243
con_6616,permutation_id,244
con_6617,permutation_id,245
con_6618,permutation_id,246
con_6619,permutation_id,247
con_6620,permutation_id,248
con_6621,permutation_id,249
con_6622,permutation_id,250
con_6623,permutation_id,251
con_6624,permutation_id,252
con_6625,permutation_id,253
con_6626,permutation_id,254
con_6627,permutation_id,255
con_6628,permutation_id,256
con_6629,permutation_id,257
con_6630,permutation_id,258
con_6631,permutation_id,259
con_6632,permutation_id,260
con_6633,permutation_id,261
con_6634,permutation_id,262
con_6635,permutation_id,263
con_6636,permutation_id,264
con_6637,permutation_id,265
con_6638,permutation_id,266
con_6639,permutation_id,267
con_6640,permutation_id,268
con_6641,permutation_id,269
con_6642,permutation_id,270
con_6643,permutation_id,271
con_6644,permutation_id,272
con_6645,permutation_id,273
con_6646,permutation_id,274
con_6647,permutation_id,275
con_6648,permutation_id,276
con_6649,permutation_id,277
con_6650,permutation_id,278
con_6651,permutation_id,279
con_6652,permutation_id,280
con_6653,permutation_id,281
con_6654,permutation_id,282
con_6655,permutation_id,283
con_6656,permutation_id,284
con_6657,permutation_id,285
con_6658,permutation_id,286
con_6659,permutation_id,287
con_6660,permutation_id,288
con_6661,permutation_id,289
con_6662,permutation_id,290
con_6663,permutation_id,291
con_6664,permutation_id,292
con_6665,permutation_id,293
con_6666,permutation_id,294
con_6667,permutation_id,295
con_6668,permutation_id,296
con_6669,permutation_id,297
con_6670,permutation_id,298
con_6671,permutation_id,299
con_6672,permutation_id,300
con_6673,permutation_id,301
con_6674,permutation_id,302
con_6675,permutation_id,303
con_6676,permutation_id,304
con_6677,permutation_id,305
con_6678,permutation_id,306
con_6679,permutation_id,307
con_6680,permutation_id,308
con_6681,permutation_id,309
con_6682,permutation_id,310
con_6683,permutation_id,311
con_6684,permutation_id,312
con_6685,permutation_id,313
con_6686,permutation_id,314
con_6687,permutation_id,315
con_6688,permutation_id,316
con_6689,permutation_id,317
con_6690,permutation_id,318
con_6691,permutation_id,319
con_6692,permutation_id,320
con_6693,permutation_id,321
con_6694,permutation_id,322
con_6695,permutation_id,323
con_6696,permutation_id,324
con_6697,permutation_id,325
con_6698,permutation_id,326
con_6699,permutation_id,327
con_6700,permutation_id,328
con_6701,permutation_id,329
con_6702,permutation_id,330
con_6703,permutation_id,331
con_6704,permutation_id,332
con_6705,permutation_id,333
con_6706,permutation_id,334
con_6707,permutation_id,335
con_6708,permutation_id,336
con_6709,permutation_id,337
con_6710,permutation_id,338
con_6711,permutation_id,339
con_6712,permutation_id,340
con_6713,permutation_id,341
con_6714,permutation_id,342
con_6715,permutation_id,343
con_6716,permutation_id,344
con_6717,permutation_id,345
con_6718,permutation_id,346
con_6719,permutation_id,347
con_6720,permutation_id,348
con_6721,permutation_id,349
con_6722,permutation_id,350
con_6723,permutation_id,351
con_6724,permutation_id,352
con_6725,permutation_id,353
con_6726,permutation_id,354
con_6727,permutation_id,355
con_6728,permutation_id,356
con_6729,permutation_id,357
con_6730,permutation_id,358
con_6731,permutation_id,359
con_6732,permutation_id,360
con_6733,permutation_id,361
con_6734,permutation_id,362
con_6735,permutation_id,363
con_6736,permutation_id,364
con_6737,permutation_id,365
con_6738,permutation_id,366
con_6739,permutation_id,367
con_6740,permutation_id,368
con_6741,permutation_id,369
con_6742,permutation_id,370
con_6743,permutation_id,371
con_6744,permutation_id,372
con_6745,permutation_id,373
con_6746,permutation_id,374
con_6747,permutation_id,375
con_6748,permutation_id,376
con_6749,permutation_id,377
con_6750,permutation_id,378
con_6751,permutation_id,379
con_6752,permutation_id,380
con_6753,permutation_id,381
con_6754,permutation_id,382
con_6755,permutation_id,383
con_6756,permutation_id,384
con_6757,permutation_id,385
con_6758,permutation_id,386
con_6759,permutation_id,387
con_6760,permutation_id,388
con_6761,permutation_id,389
con_6762,permutation_id,390
con_6763,permutation_id,391
con_6764,permutation_id,392
con_6765,permutation_id,393
con_6766,permutation_id,394
con_6767,permutation_id,395
con_6768,permutation_id,396
con_6769,permutation_id,397
con_6770,permutation_id,398
con_6771,permutation_id,399
con_6772,permutation_id,400
con_6773,permutation_id,401
con_6774,permutation_id,402
con_6775,permutation_id,403
con_6776,permutation_id,404
con_6777,permutation_id,405
con_6778,permutation_id,406
con_6779,permutation_id,407
con_6780,permutation_id,408
con_6781,permutation_id,409
con_6782,permutation_id,410
con_6783,permutation_id,411
con_6784,permutation_id,412
con_6785,permutation_id,413
con_6786,permutation_id,414
con_6787,permutation_id,415
con_6788,permutation_id,416
con_6789,permutation_id,417
con_6790,permutation_id,418
con_6791,permutation_id,419
con_6792,permutation_id,420
con_6793,permutation_id,421
con_6794,permutation_id,422
con_6795,permutation_id,423
con_6796,permutation_id,424
con_6797,permutation_id,425
con_6798,permutation_id,426
con_6799,permutation_id,427
con_6800,permutation_id,428
con_6801,permutation_id,429
con_6802,permutation_id,430
con_6803,permutation_id,431
con_6804,permutation_id,432
con_6805,permutation_id,433
con_6806,permutation_id,434
con_6807,permutation_id,435
con_6808,permutation_id,436
con_6809,permutation_id,437
con_6810,permutation_id,438
con_6811,permutation_id,439
con_6812,permutation_id,440
con_6813,permutation_id,441
con_6814,permutation_id,442
con_6815,permutation_id,443
con_6816,permutation_id,444
con_6817,permutation_id,445
con_6818,permutation_id,446
con_6819,permutation_id,447
con_6820,permutation_id,448
con_6821,permutation_id,449
con_6822,permutation_id,450
con_6823,permutation_id,451
con_6824,permutation_id,452
con_6825,permutation_id,453
con_6826,permutation_id,454
con_6827,permutation_id,455
con_6828,permutation_id,456
con_6829,permutation_id,457
con_6830,permutation_id,458
con_6831,permutation_id,459
con_6832,permutation_id,460
con_6833,permutation_id,461
con_6834,permutation_id,462
con_6835,permutation_id,463
con_6836,permutation_id,464
con_6837,permutation_id,465
con_6838,permutation_id,466
con_6839,permutation_id,467
con_6840,permutation_id,468
con_6841,permutation_id,469
con_6842,permutation_id,470
con_6843,permutation_id,471
con_6844,permutation_id,472
con_6845,permutation_id,473
con_6846,permutation_id,474
con_6847,permutation_id,475
con_6848,permutation_id,476
con_6849,permutation_id,477
con_6850,permutation_id,478
con_6851,permutation_id,479
con_6852,permutation_id,480
con_6853,permutation_id,481
con_6854,permutation_id,482
con_6855,permutation_id,483
con_6856,permutation_id,484
con_6857,permutation_id,485
con_6858,permutation_id,486
con_6859,permutation_id,487
con_6860,permutation_id,488
con_6861,permutation_id,489
con_6862,permutation_id,490
con_6863,permutation_id,491
con_6864,permutation_id,492
con_6865,permutation_id,493
con_6866,permutation_id,494
con_6867,permutation_id,495
con_6868,permutation_id,496
con_6869,permutation_id,497
con_6870,permutation_id,498
con_6871,permutation_id,499
con_6872,permutation_id,500
con_6873,permutation_id,501
con_6874,permutation_id,502
con_6875,permutation_id,503
con_6876,permutation_id,504
con_6877,permutation_id,505
con_6878,permutation_id,506
con_6879,permutation_id,507
con_6880,permutation_id,508
con_6881,permutation_id,509
con_6882,permutation_id,510
con_6883,permutation_id,511
con_6884,permutation_id,512
con_6885,permutation_id,513
con_6886,permutation_id,514
con_6887,permutation_id,515
con_6888,permutation_id,516
con_6889,permutation_id,517
con_6890,permutation_id,518
con_6891,permutation_id,519
con_6892,permutation_id,520
con_6893,permutation_id,521
con_6894,permutation_id,522
con_6895,permutation_id,523
con_6896,permutation_id,524
con_6897,permutation_id,525
con_6898,permutation_id,526
con_6899,permutation_id,527
con_6900,permutation_id,528
con_6901,permutation_id,529
con_6902,permutation_id,530
con_6903,permutation_id,531
con_6904,permutation_id,532
con_6905,permutation_id,533
con_6906,permutation_id,534
con_6907,permutation_id,535
con_6908,permutation_id,536
con_6909,permutation_id,537
con_6910,permutation_id,538
con_6911,permutation_id,539
con_6912,permutation_id,540
con_6913,permutation_id,541
con_6914,permutation_id,542
con_6915,permutation_id,543
con_6916,permutation_id,544
con_6917,permutation_id,545
con_6918,permutation_id,546
con_6919,permutation_id,547
con_6920,permutation_id,548
con_6921,permutation_id,549
con_6922,permutation_id,550
con_6923,permutation_id,551
con_6924,permutation_id,552
con_6925,permutation_id,553
con_6926,permutation_id,554
con_6927,permutation_id,555
con_6928,permutation_id,556
con_6929,permutation_id,557
con_6930,permutation_id,558
con_6931,permutation_id,559
con_6932,permutation_id,560
con_6933,permutation_id,561
con_6934,permutation_id,562
con_6935,permutation_id,563
con_6936,permutation_id,564
con_6937,permutation_id,565
con_6938,permutation_id,566
con_6939,permutation_id,567
con_6940,permutation_id,568
con_6941,permutation_id,569
con_6942,permutation_id,570
con_6943,permutation_id,571
con_6944,permutation_id,572
con_6945,permutation_id,573
con_6946,permutation_id,574
con_6947,permutation_id,575
con_6948,permutation_id,576
con_6949,permutation_id,577
con_6950,permutation_id,578
con_6951,permutation_id,579
con_6952,permutation_id,580
con_6953,permutation_id,581
con_6954,permutation_id,582
con_6955,permutation_id,583
con_6956,permutation_id,584
con_6957,permutation_id,585
con_6958,permutation_id,586
con_6959,permutation_id,587
con_6960,permutation_id,588
con_6961,permutation_id,589
con_6962,permutation_id,590
con_6963,permutation_id,591
con_6964,permutation_id,592
con_6965,permutation_id,593
con_6966,permutation_id,594
con_6967,permutation_id,595
con_6968,permutation_id,596
con_6969,permutation_id,597
con_6970,permutation_id,598
con_6971,permutation_id,599
con_6972,permutation_id,600
con_6973,permutation_id,601
con_6974,permutation_id,602
con_6975,permutation_id,603
con_6976,permutation_id,604
con_6977,permutation_id,605
con_6978,permutation_id,606
con_6979,permutation_id,607
con_6980,permutation_id,608
con_6981,permutation_id,609
con_6982,permutation_id,610
con_6983,permutation_id,611
con_6984,permutation_id,612
con_6985,permutation_id,613
con_6986,permutation_id,614
con_6987,permutation_id,615
con_6988,permutation_id,616
con_6989,permutation_id,617
con_6990,permutation_id,618
con_6991,permutation_id,619
con_6992,permutation_id,620
con_6993,permutation_id,621
con_6994,permutation_id,622
con_6995,permutation_id,623
con_6996,permutation_id,624
con_6997,permutation_id,625
con_6998,permutation_id,626
con_6999,permutation_id,627
con_7000,permutation_id,628
con_7001,permutation_id,629
con_7002,permutation_id,630
con_7003,permutation_id,631
con_7004,permutation_id,632
con_7005,permutation_id,633
con_7006,permutation_id,634
con_7007,permutation_id,635
con_7008,permutation_id,636
con_7009,permutation_id,637
con_7010,permutation_id,638
con_7011,permutation_id,639
con_7012,permutation_id,640
con_7013,permutation_id,641
con_7014,permutation_id,642
con_7015,permutation_id,643
con_7016,permutation_id,644
con_7017,permutation_id,645
con_7018,permutation_id,646
con_7019,permutation_id,647
con_7020,permutation_id,648
con_7021,permutation_id,649
con_7022,permutation_id,650
con_7023,permutation_id,651
con_7024,permutation_id,652
con_7025,permutation_id,653
con_7026,permutation_id,654
con_7027,permutation_id,655
con_7028,permutation_id,656
con_7029,permutation_id,657
con_7030,permutation_id,658
con_7031,permutation_id,659
con_7032,permutation_id,660
con_7033,permutation_id,661
con_7034,permutation_id,662
con_7035,permutation_id,663
con_7036,permutation_id,664
con_7037,permutation_id,665
con_7038,permutation_id,666
con_7039,permutation_id,667
con_7040,permutation_id,668
con_7041,permutation_id,669
con_7042,permutation_id,670
con_7043,permutation_id,671
con_7044,permutation_id,672
con_7045,permutation_id,673
con_7046,permutation_id,674
con_7047,permutation_id,675
con_7048,permutation_id,676
con_7049,permutation_id,677
con_7050,permutation_id,678
con_7051,permutation_id,679
con_7052,permutation_id,680
con_7053,permutation_id,681
con_7054,permutation_id,682
con_7055,permutation_id,683
con_7056,permutation_id,684
con_7057,permutation_id,685
con_7058,permutation_id,686
con_7059,permutation_id,687
con_7060,permutation_id,688
con_7061,permutation_id,689
con_7062,permutation_id,690
con_7063,permutation_id,691
con_7064,permutation_id,692
con_7065,permutation_id,693
con_7066,permutation_id,694
con_7067,permutation_id,695
con_7068,permutation_id,696
con_7069,permutation_id,697
con_7070,permutation_id,698
con_7071,permutation_id,699
con_7072,permutation_id,700
con_7073,permutation_id,701
con_7074,permutation_id,702
con_7075,permutation_id,703
con_7076,permutation_id,704
con_7077,permutation_id,705
con_7078,permutation_id,706
con_7079,permutation_id,707
con_7080,permutation_id,708
con_7081,permutation_id,709
con_7082,permutation_id,710
con_7083,permutation_id,711
con_7084,permutation_id,712
con_7085,permutation_id,713
con_7086,permutation_id,714
con_7087,permutation_id,715
con_7088,permutation_id,716
con_7089,permutation_id,717
con_7090,permutation_id,718
con_7091,permutation_id,719
con_7092,permutation_id,720
con_7093,permutation_id,721
con_7094,permutation_id,722
con_7095,permutation_id,723
con_7096,permutation_id,724
con_7097,permutation_id,725
con_7098,permutation_id,726
con_7099,permutation_id,727
con_7100,permutation_id,728
con_7101,permutation_id,729
con_7102,permutation_id,730
con_7103,permutation_id,731
con_7104,permutation_id,732
con_7105,permutation_id,733
con_7106,permutation_id,734
con_7107,permutation_id,735
con_7108,permutation_id,736
con_7109,permutation_id,737
con_7110,permutation_id,738
con_7111,permutation_id,739
con_7112,permutation_id,740
con_7113,permutation_id,741
con_7114,permutation_id,742
con_7115,permutation_id,743
con_7116,permutation_id,744
con_7117,permutation_id,745
con_7118,permutation_id,746
con_7119,permutation_id,747
con_7120,permutation_id,748
con_7121,permutation_id,749
con_7122,permutation_id,750
con_7123,permutation_id,751
con_7124,permutation_id,752
con_7125,permutation_id,753
con_7126,permutation_id,754
con_7127,permutation_id,755
con_7128,permutation_id,756
con_7129,permutation_id,757
con_7130,permutation_id,758
con_7131,permutation_id,759
con_7132,permutation_id,760
con_7133,permutation_id,761
con_7134,permutation_id,762
con_7135,permutation_id,763
con_7136,permutation_id,764
con_7137,permutation_id,765
con_7138,permutation_id,766
con_7139,permutation_id,767
con_7140,permutation_id,768
con_7141,permutation_id,769
con_7142,permutation_id,770
con_7143,permutation_id,771
con_7144,permutation_id,772
con_7145,permutation_id,773
con_7146,permutation_id,774
con_7147,permutation_id,775
con_7148,permutation_id,776
con_7149,permutation_id,777
con_7150,permutation_id,778
con_7151,permutation_id,779
con_7152,permutation_id,780
con_7153,permutation_id,781
con_7154,permutation_id,782
con_7155,permutation_id,783
con_7156,permutation_id,784
con_7157,permutation_id,785
con_7158,permutation_id,786
con_7159,permutation_id,787
con_7160,permutation_id,788
con_7161,permutation_id,789
con_7162,permutation_id,790
con_7163,permutation_id,791
con_7164,permutation_id,792
con_7165,permutation_id,793
con_7166,permutation_id,794
con_7167,permutation_id,795
con_7168,permutation_id,796
con_7169,permutation_id,797
con_7170,permutation_id,798
con_7171,permutation_id,799
con_7172,permutation_id,800
con_7173,permutation_id,801
con_7174,permutation_id,802
con_7175,permutation_id,803
con_7176,permutation_id,804
con_7177,permutation_id,805
con_7178,permutation_id,806
con_7179,permutation_id,807
con_7180,permutation_id,808
con_7181,permutation_id,809
con_7182,permutation_id,810
con_7183,permutation_id,811
con_7184,permutation_id,812
con_7185,permutation_id,813
con_7186,permutation_id,814
con_7187,permutation_id,815
con_7188,permutation_id,816
con_7189,permutation_id,817
con_7190,permutation_id,818
con_7191,permutation_id,819
con_7192,permutation_id,820
con_7193,permutation_id,821
con_7194,permutation_id,822
con_7195,permutation_id,823
con_7196,permutation_id,824
con_7197,permutation_id,825
con_7198,permutation_id,826
con_7199,permutation_id,827
con_7200,permutation_id,828
con_7201,permutation_id,829
con_7202,permutation_id,830
con_7203,permutation_id,831
con_7204,permutation_id,832
con_7205,permutation_id,833
con_7206,permutation_id,834
con_7207,permutation_id,835
con_7208,permutation_id,836
con_7209,permutation_id,837
con_7210,permutation_id,838
con_7211,permutation_id,839
con_7212,permutation_id,840
con_7213,permutation_id,841
con_7214,permutation_id,842
con_7215,permutation_id,843
con_7216,permutation_id,844
con_7217,permutation_id,845
con_7218,permutation_id,846
con_7219,permutation_id,847
con_7220,permutation_id,848
con_7221,permutation_id,849
con_7222,permutation_id,850
con_7223,permutation_id,851
con_7224,permutation_id,852
con_7225,permutation_id,853
con_7226,permutation_id,854
con_7227,permutation_id,855
con_7228,permutation_id,856
con_7229,permutation_id,857
con_7230,permutation_id,858
con_7231,permutation_id,859
con_7232,permutation_id,860
con_7233,permutation_id,861
con_7234,permutation_id,862
con_7235,permutation_id,863
con_7236,permutation_id,864
con_7237,permutation_id,865
con_7238,permutation_id,866
con_7239,permutation_id,867
con_7240,permutation_id,868
con_7241,permutation_id,869
con_7242,permutation_id,870
con_7243,permutation_id,871
con_7244,permutation_id,872
con_7245,permutation_id,873
con_7246,permutation_id,874
con_7247,permutation_id,875
con_7248,permutation_id,876
con_7249,permutation_id,877
con_7250,permutation_id,878
con_7251,permutation_id,879
con_7252,permutation_id,880
con_7253,permutation_id,881
con_7254,permutation_id,882
con_7255,permutation_id,883
con_7256,permutation_id,884
con_7257,permutation_id,885
con_7258,permutation_id,886
con_7259,permutation_id,887
con_7260,permutation_id,888
con_7261,permutation_id,889
con_7262,permutation_id,890
con_7263,permutation_id,891
con_7264,permutation_id,892
con_7265,permutation_id,893
con_7266,permutation_id,894
con_7267,permutation_id,895
con_7268,permutation_id,896
con_7269,permutation_id,897
con_7270,permutation_id,898
con_7271,permutation_id,899
con_7272,permutation_id,900
con_7273,permutation_id,901
con_7274,permutation_id,902
con_7275,permutation_id,903
con_7276,permutation_id,904
con_7277,permutation_id,905
con_7278,permutation_id,906
con_7279,permutation_id,907
con_7280,permutation_id,908
con_7281,permutation_id,909
con_7282,permutation_id,910
con_7283,permutation_id,911
con_7284,permutation_id,912
con_7285,permutation_id,913
con_7286,permutation_id,914
con_7287,permutation_id,915
con_7288,permutation_id,916
con_7289,permutation_id,917
con_7290,permutation_id,918
con_7291,permutation_id,919
con_7292,permutation_id,920
con_7293,permutation_id,921
con_7294,permutation_id,922
con_7295,permutation_id,923
con_7296,permutation_id,924
con_7297,permutation_id,925
con_7298,permutation_id,926
con_7299,permutation_id,927
con_7300,permutation_id,928
con_7301,permutation_id,929
con_7302,permutation_id,930
con_7303,permutation_id,931
con_7304,permutation_id,932
con_7305,permutation_id,933
con_7306,permutation_id,934
con_7307,permutation_id,935
con_7308,permutation_id,936
con_7309,permutation_id,937
con_7310,permutation_id,938
con_7311,permutation_id,939
con_7312,permutation_id,940
con_7313,permutation_id,941
con_7314,permutation_id,942
con_7315,permutation_id,943
con_7316,permutation_id,944
con_7317,permutation_id,945
con_7318,permutation_id,946
con_7319,permutation_id,947
con_7320,permutation_id,948
con_7321,permutation_id,949
con_7322,permutation_id,950
con_7323,permutation_id,951
con_7324,permutation_id,952
con_7325,permutation_id,953
con_7326,permutation_id,954
con_7327,permutation_id,955
con_7328,permutation_id,956
con_7329,permutation_id,957
con_7330,permutation_id,958
con_7331,permutation_id,959
con_7332,permutation_id,960
con_7333,permutation_id,961
con_7334,permutation_id,962
con_7335,permutation_id,963
con_7336,permutation_id,964
con_7337,permutation_id,965
con_7338,permutation_id,966
con_7339,permutation_id,967
con_7340,permutation_id,968
con_7341,permutation_id,969
con_7342,permutation_id,970
con_7343,permutation_id,971
con_7344,permutation_id,972
con_7345,permutation_id,973
con_7346,permutation_id,974
con_7347,permutation_id,975
con_7348,permutation_id,976
con_7349,permutation_id,977
con_7350,permutation_id,978
con_7351,permutation_id,979
con_7352,permutation_id,980
con_7353,permutation_id,981
con_7354,permutation_id,982
con_7355,permutation_id,983
con_7356,permutation_id,984
con_7357,permutation_id,985
con_7358,permutation_id,986
con_7359,permutation_id,987
con_7360,permutation_id,988
con_7361,permutation_id,989
con_7362,permutation_id,990
con_7363,permutation_id,991
con_7364,permutation_id,992
con_7365,permutation_id,993
con_7366,permutation_id,994
con_7367,permutation_id,995
con_7368,permutation_id,996
con_7369,permutation_id,997
con_7370,permutation_id,998
con_7371,permutation_id,999
con_7372,permutation_id,1000
con_7373,permutation_id,1001
con_7374,permutation_id,1002
con_7375,permutation_id,1003
con_7376,permutation_id,1004
con_7377,permutation_id,1005
con_7378,permutation_id,1006
con_7379,permutation_id,1007
con_7380,permutation_id,1008
con_7381,permutation_id,1009
con_7382,permutation_id,1010
con_7383,permutation_id,1011
con_7384,permutation_id,1012
con_7385,permutation_id,1013
con_7386,permutation_id,1014
con_7387,permutation_id,1015
con_7388,permutation_id,1016
con_7389,permutation_id,1017
con_7390,permutation_id,1018
con_7391,permutation_id,1019
con_7392,permutation_id,1020
con_7393,permutation_id,1021
con_7394,permutation_id,1022
con_7395,permutation_id,1023
con_7396,permutation_id,1024
con_7397,permutation_id,1025
con_7398,permutation_id,1026
con_7399,permutation_id,1027
con_7400,permutation_id,1028
con_7401,permutation_id,1029
con_7402,permutation_id,1030
con_7403,permutation_id,1031
con_7404,permutation_id,1032
con_7405,permutation_id,1033
con_7406,permutation_id,1034
con_7407,permutation_id,1035
con_7408,permutation_id,1036
con_7409,permutation_id,1037
con_7410,permutation_id,1038
con_7411,permutation_id,1039
con_7412,permutation_id,1040
con_7413,permutation_id,1041
con_7414,permutation_id,1042
con_7415,permutation_id,1043
con_7416,permutation_id,1044
con_7417,permutation_id,1045
con_7418,permutation_id,1046
con_7419,permutation_id,1047
con_7420,permutation_id,1048
con_7421,permutation_id,1049
con_7422,permutation_id,1050
con_7423,permutation_id,1051
con_7424,permutation_id,1052
con_7425,permutation_id,1053
con_7426,permutation_id,1054
con_7427,permutation_id,1055
con_7428,permutation_id,1056
con_7429,permutation_id,1057
con_7430,permutation_id,1058
con_7431,permutation_id,1059
con_7432,permutation_id,1060
con_7433,permutation_id,1061
con_7434,permutation_id,1062
con_7435,permutation_id,1063
con_7436,permutation_id,1064
con_7437,permutation_id,1065
con_7438,permutation_id,1066
con_7439,permutation_id,1067
con_7440,permutation_id,1068
con_7441,permutation_id,1069
con_7442,permutation_id,1070
con_7443,permutation_id,1071
con_7444,permutation_id,1072
con_7445,permutation_id,1073
con_7446,permutation_id,1074
con_7447,permutation_id,1075
con_7448,permutation_id,1076
con_7449,permutation_id,1077
con_7450,permutation_id,1078
con_7451,permutation_id,1079
con_7452,permutation_id,1080
con_7453,permutation_id,1081
con_7454,permutation_id,1082
con_7455,permutation_id,1083
con_7456,permutation_id,1084
con_7457,permutation_id,1085
con_7458,permutation_id,1086
con_7459,permutation_id,1087
con_7460,permutation_id,1088
con_7461,permutation_id,1089
con_7462,permutation_id,1090
con_7463,permutation_id,1091
con_7464,permutation_id,1092
con_7465,permutation_id,1093
con_7466,permutation_id,1094
con_7467,permutation_id,1095
con_7468,permutation_id,1096
con_7469,permutation_id,1097
con_7470,permutation_id,1098
con_7471,permutation_id,1099
con_7472,permutation_id,1100
con_7473,permutation_id,1101
con_7474,permutation_id,1102
con_7475,permutation_id,1103
con_7476,permutation_id,1104
con_7477,permutation_id,1105
con_7478,permutation_id,1106
con_7479,permutation_id,1107
con_7480,permutation_id,1108
con_7481,permutation_id,1109
con_7482,permutation_id,1110
con_7483,permutation_id,1111
con_7484,permutation_id,1112
con_7485,permutation_id,1113
con_7486,permutation_id,1114
con_7487,permutation_id,1115
con_7488,permutation_id,1116
con_7489,permutation_id,1117
con_7490,permutation_id,1118
con_7491,permutation_id,1119
con_7492,permutation_id,1120
con_7493,permutation_id,1121
con_7494,permutation_id,1122
con_7495,permutation_id,1123
con_7496,permutation_id,1124
con_7497,permutation_id,1125
con_7498,permutation_id,1126
con_7499,permutation_id,1127
con_7500,permutation_id,1128
con_7501,permutation_id,1129
con_7502,permutation_id,1130
con_7503,permutation_id,1131
con_7504,permutation_id,1132
con_7505,permutation_id,1133
con_7506,permutation_id,1134
con_7507,permutation_id,1135
con_7508,permutation_id,1136
con_7509,permutation_id,1137
con_7510,permutation_id,1138
con_7511,permutation_id,1139
con_7512,permutation_id,1140
con_7513,permutation_id,1141
con_7514,permutation_id,1142
con_7515,permutation_id,1143
con_7516,permutation_id,1144
con_7517,permutation_id,1145
con_7518,permutation_id,1146
con_7519,permutation_id,1147
con_7520,permutation_id,1148
con_7521,permutation_id,1149
con_7522,permutation_id,1150
con_7523,permutation_id,1151
con_7524,permutation_id,1152
con_7525,permutation_id,1153
con_7526,permutation_id,1154
con_7527,permutation_id,1155
con_7528,permutation_id,1156
con_7529,permutation_id,1157
con_7530,permutation_id,1158
con_7531,permutation_id,1159
con_7532,permutation_id,1160
con_7533,permutation_id,1161
con_7534,permutation_id,1162
con_7535,permutation_id,1163
con_7536,permutation_id,1164
con_7537,permutation_id,1165
con_7538,permutation_id,1166
con_7539,permutation_id,1167
con_7540,permutation_id,1168
con_7541,permutation_id,1169
con_7542,permutation_id,1170
con_7543,permutation_id,1171
con_7544,permutation_id,1172
con_7545,permutation_id,1173
con_7546,permutation_id,1174
con_7547,permutation_id,1175
con_7548,permutation_id,1176
con_7549,permutation_id,1177
con_7550,permutation_id,1178
con_7551,permutation_id,1179
con_7552,permutation_id,1180
con_7553,permutation_id,1181
con_7554,permutation_id,1182
con_7555,permutation_id,1183
con_7556,permutation_id,1184
con_7557,permutation_id,1185
con_7558,permutation_id,1186
con_7559,permutation_id,1187
con_7560,permutation_id,1188
con_7561,permutation_id,1189
con_7562,permutation_id,1190
con_7563,permutation_id,1191
con_7564,permutation_id,1192
con_7565,permutation_id,1193
con_7566,permutation_id,1194
con_7567,permutation_id,1195
con_7568,permutation_id,1196
con_7569,permutation_id,1197
con_7570,permutation_id,1198
con_7571,permutation_id,1199
con_7572,permutation_id,1200
con_7573,permutation_id,1201
con_7574,permutation_id,1202
con_7575,permutation_id,1203
con_7576,permutation_id,1204
con_7577,permutation_id,1205
con_7578,permutation_id,1206
con_7579,permutation_id,1207
con_7580,permutation_id,1208
con_7581,permutation_id,1209
con_7582,permutation_id,1210
con_7583,permutation_id,1211
con_7584,permutation_id,1212
con_7585,permutation_id,1213
con_7586,permutation_id,1214
con_7587,permutation_id,1215
con_7588,permutation_id,1216
con_7589,permutation_id,1217
con_7590,permutation_id,1218
con_7591,permutation_id,1219
con_7592,permutation_id,1220
con_7593,permutation_id,1221
con_7594,permutation_id,1222
con_7595,permutation_id,1223
con_7596,permutation_id,1224
con_7597,permutation_id,1225
con_7598,permutation_id,1226
con_7599,permutation_id,1227
con_7600,permutation_id,1228
con_7601,permutation_id,1229
con_7602,permutation_id,1230
con_7603,permutation_id,1231
con_7604,permutation_id,1232
con_7605,permutation_id,1233
con_7606,permutation_id,1234
con_7607,permutation_id,1235
con_7608,permutation_id,1236
con_7609,permutation_id,1237
con_7610,permutation_id,1238
con_7611,permutation_id,1239
con_7612,permutation_id,1240
con_7613,permutation_id,1241
con_7614,permutation_id,1242
con_7615,permutation_id,1243
con_7616,permutation_id,1244
con_7617,permutation_id,1245
con_7618,permutation_id,1246
con_7619,permutation_id,1247
con_7620,permutation_id,1248
con_7621,permutation_id,1249
con_7622,permutation_id,1250
con_7623,permutation_id,1251
con_7624,permutation_id,1252
con_7625,permutation_id,1253
con_7626,permutation_id,1254
con_7627,permutation_id,1255
con_7628,permutation_id,1256
con_7629,permutation_id,1257
con_7630,permutation_id,1258
con_7631,permutation_id,1259
con_7632,permutation_id,0
con_7633,permutation_id,1
con_7634,permutation_id,2
con_7635,permutation_id,3
con_7636,permutation_id,4
con_7637,permutation_id,5
con_7638,permutation_id,6
con_7639,permutation_id,7
con_7640,permutation_id,8
con_7641,permutation_id,9
con_7642,permutation_id,10
con_7643,permutation_id,11
con_7644,permutation_id,12
con_7645,permutation_id,13
con_7646,permutation_id,14
con_7647,permutation_id,15
con_7648,permutation_id,16
con_7649,permutation_id,17
con_7650,permutation_id,18
con_7651,permutation_id,19
con_7652,permutation_id,20
con_7653,permutation_id,21
con_7654,permutation_id,22
con_7655,permutation_id,23
con_7656,permutation_id,24
con_7657,permutation_id,25
con_7658,permutation_id,26
con_7659,permutation_id,27
con_7660,permutation_id,28
con_7661,permutation_id,29
con_7662,permutation_id,30
con_7663,permutation_id,31
con_7664,permutation_id,32
con_7665,permutation_id,33
con_7666,permutation_id,34
con_7667,permutation_id,35
con_7668,permutation_id,36
con_7669,permutation_id,37
con_7670,permutation_id,38
con_7671,permutation_id,39
con_7672,permutation_id,40
con_7673,permutation_id,41
con_7674,permutation_id,42
con_7675,permutation_id,43
con_7676,permutation_id,44
con_7677,permutation_id,45
con_7678,permutation_id,46
con_7679,permutation_id,47
con_7680,permutation_id,48
con_7681,permutation_id,49
con_7682,permutation_id,50
con_7683,permutation_id,51
con_7684,permutation_id,52
con_7685,permutation_id,53
con_7686,permutation_id,54
con_7687,permutation_id,55
con_7688,permutation_id,56
con_7689,permutation_id,57
con_7690,permutation_id,58
con_7691,permutation_id,59
con_7692,permutation_id,60
con_7693,permutation_id,61
con_7694,permutation_id,62
con_7695,permutation_id,63
con_7696,permutation_id,64
con_7697,permutation_id,65
con_7698,permutation_id,66
con_7699,permutation_id,67
con_7700,permutation_id,68
con_7701,permutation_id,69
con_7702,permutation_id,70
con_7703,permutation_id,71
con_7704,permutation_id,72
con_7705,permutation_id,73
con_7706,permutation_id,74
con_7707,permutation_id,75
con_7708,permutation_id,76
con_7709,permutation_id,77
con_7710,permutation_id,78
con_7711,permutation_id,79
con_7712,permutation_id,80
con_7713,permutation_id,81
con_7714,permutation_id,82
con_7715,permutation_id,83
con_7716,permutation_id,84
con_7717,permutation_id,85
con_7718,permutation_id,86
con_7719,permutation_id,87
con_7720,permutation_id,88
con_7721,permutation_id,89
con_7722,permutation_id,90
con_7723,permutation_id,91
con_7724,permutation_id,92
con_7725,permutation_id,93
con_7726,permutation_id,94
con_7727,permutation_id,95
con_7728,permutation_id,96
con_7729,permutation_id,97
con_7730,permutation_id,98
con_7731,permutation_id,99
con_7732,permutation_id,100
con_7733,permutation_id,101
con_7734,permutation_id,102
con_7735,permutation_id,103
con_7736,permutation_id,104
con_7737,permutation_id,105
con_7738,permutation_id,106
con_7739,permutation_id,107
con_7740,permutation_id,108
con_7741,permutation_id,109
con_7742,permutation_id,110
con_7743,permutation_id,111
con_7744,permutation_id,112
con_7745,permutation_id,113
con_7746,permutation_id,114
con_7747,permutation_id,115
con_7748,permutation_id,116
con_7749,permutation_id,117
con_7750,permutation_id,118
con_7751,permutation_id,119
con_7752,permutation_id,120
con_7753,permutation_id,121
con_7754,permutation_id,122
con_7755,permutation_id,123
con_7756,permutation_id,124
con_7757,permutation_id,125
con_7758,permutation_id,126
con_7759,permutation_id,127
con_7760,permutation_id,128
con_7761,permutation_id,129
con_7762,permutation_id,130
con_7763,permutation_id,131
con_7764,permutation_id,132
con_7765,permutation_id,133
con_7766,permutation_id,134
con_7767,permutation_id,135
con_7768,permutation_id,136
con_7769,permutation_id,137
con_7770,permutation_id,138
con_7771,permutation_id,139
con_7772,permutation_id,140
con_7773,permutation_id,141
con_7774,permutation_id,142
con_7775,permutation_id,143
con_7776,permutation_id,144
con_7777,permutation_id,145
con_7778,permutation_id,146
con_7779,permutation_id,147
con_7780,permutation_id,148
con_7781,permutation_id,149
con_7782,permutation_id,150
con_7783,permutation_id,151
con_7784,permutation_id,152
con_7785,permutation_id,153
con_7786,permutation_id,154
con_7787,permutation_id,155
con_7788,permutation_id,156
con_7789,permutation_id,157
con_7790,permutation_id,158
con_7791,permutation_id,159
con_7792,permutation_id,160
con_7793,permutation_id,161
con_7794,permutation_id,162
con_7795,permutation_id,163
con_7796,permutation_id,164
con_7797,permutation_id,165
con_7798,permutation_id,166
con_7799,permutation_id,167
con_7800,permutation_id,168
con_7801,permutation_id,169
con_7802,permutation_id,170
con_7803,permutation_id,171
con_7804,permutation_id,172
con_7805,permutation_id,173
con_7806,permutation_id,174
con_7807,permutation_id,175
con_7808,permutation_id,176
con_7809,permutation_id,177
con_7810,permutation_id,178
con_7811,permutation_id,179
con_7812,permutation_id,180
con_7813,permutation_id,181
con_7814,permutation_id,182
con_7815,permutation_id,183
con_7816,permutation_id,184
con_7817,permutation_id,185
con_7818,permutation_id,186
con_7819,permutation_id,187
con_7820,permutation_id,188
con_7821,permutation_id,189
con_7822,permutation_id,190
con_7823,permutation_id,191
con_7824,permutation_id,192
con_7825,permutation_id,193
con_7826,permutation_id,194
con_7827,permutation_id,195
con_7828,permutation_id,196
con_7829,permutation_id,197
con_7830,permutation_id,198
con_7831,permutation_id,199
con_7832,permutation_id,200
con_7833,permutation_id,201
con_7834,permutation_id,202
con_7835,permutation_id,203
con_7836,permutation_id,204
con_7837,permutation_id,205
con_7838,permutation_id,206
con_7839,permutation_id,207
con_7840,permutation_id,208
con_7841,permutation_id,209
con_7842,permutation_id,210
con_7843,permutation_id,211
con_7844,permutation_id,212
con_7845,permutation_id,213
con_7846,permutation_id,214
con_7847,permutation_id,215
con_7848,permutation_id,216
con_7849,permutation_id,217
con_7850,permutation_id,218
con_7851,permutation_id,219
con_7852,permutation_id,220
con_7853,permutation_id,221
con_7854,permutation_id,222
con_7855,permutation_id,223
con_7856,permutation_id,224
con_7857,permutation_id,225
con_7858,permutation_id,226
con_7859,permutation_id,227
con_7860,permutation_id,228
con_7861,permutation_id,229
con_7862,permutation_id,230
con_7863,permutation_id,231
con_7864,permutation_id,232
con_7865,permutation_id,233
con_7866,permutation_id,234
con_7867,permutation_id,235
con_7868,permutation_id,236
con_7869,permutation_id,237
con_7870,permutation_id,238
con_7871,permutation_id,239
con_7872,permutation_id,240
con_7873,permutation_id,241
con_7874,permutation_id,242
con_7875,permutation_id,243
con_7876,permutation_id,244
con_7877,permutation_id,245
con_7878,permutation_id,246
con_7879,permutation_id,247
con_7880,permutation_id,248
con_7881,permutation_id,249
con_7882,permutation_id,250
con_7883,permutation_id,251
con_7884,permutation_id,252
con_7885,permutation_id,253
con_7886,permutation_id,254
con_7887,permutation_id,255
con_7888,permutation_id,256
con_7889,permutation_id,257
con_7890,permutation_id,258
con_7891,permutation_id,259
con_7892,permutation_id,260
con_7893,permutation_id,261
con_7894,permutation_id,262
con_7895,permutation_id,263
con_7896,permutation_id,264
con_7897,permutation_id,265
con_7898,permutation_id,266
con_7899,permutation_id,267
con_7900,permutation_id,268
con_7901,permutation_id,269
con_7902,permutation_id,270
con_7903,permutation_id,271
con_7904,permutation_id,272
con_7905,permutation_id,273
con_7906,permutation_id,274
con_7907,permutation_id,275
con_7908,permutation_id,276
con_7909,permutation_id,277
con_7910,permutation_id,278
con_7911,permutation_id,279
con_7912,permutation_id,280
con_7913,permutation_id,281
con_7914,permutation_id,282
con_7915,permutation_id,283
con_7916,permutation_id,284
con_7917,permutation_id,285
con_7918,permutation_id,286
con_7919,permutation_id,287
con_7920,permutation_id,288
con_7921,permutation_id,289
con_7922,permutation_id,290
con_7923,permutation_id,291
con_7924,permutation_id,292
con_7925,permutation_id,293
con_7926,permutation_id,294
con_7927,permutation_id,295
con_7928,permutation_id,296
con_7929,permutation_id,297
con_7930,permutation_id,298
con_7931,permutation_id,299
con_7932,permutation_id,300
con_7933,permutation_id,301
con_7934,permutation_id,302
con_7935,permutation_id,303
con_7936,permutation_id,304
con_7937,permutation_id,305
con_7938,permutation_id,306
con_7939,permutation_id,307
con_7940,permutation_id,308
con_7941,permutation_id,309
con_7942,permutation_id,310
con_7943,permutation_id,311
con_7944,permutation_id,312
con_7945,permutation_id,313
con_7946,permutation_id,314
con_7947,permutation_id,315
con_7948,permutation_id,316
con_7949,permutation_id,317
con_7950,permutation_id,318
con_7951,permutation_id,319
con_7952,permutation_id,320
con_7953,permutation_id,321
con_7954,permutation_id,322
con_7955,permutation_id,323
con_7956,permutation_id,324
con_7957,permutation_id,325
con_7958,permutation_id,326
con_7959,permutation_id,327
con_7960,permutation_id,328
con_7961,permutation_id,329
con_7962,permutation_id,330
con_7963,permutation_id,331
con_7964,permutation_id,332
con_7965,permutation_id,333
con_7966,permutation_id,334
con_7967,permutation_id,335
con_7968,permutation_id,336
con_7969,permutation_id,337
con_7970,permutation_id,338
con_7971,permutation_id,339
con_7972,permutation_id,340
con_7973,permutation_id,341
con_7974,permutation_id,342
con_7975,permutation_id,343
con_7976,permutation_id,344
con_7977,permutation_id,345
con_7978,permutation_id,346
con_7979,permutation_id,347
con_7980,permutation_id,348
con_7981,permutation_id,349
con_7982,permutation_id,350
con_7983,permutation_id,351
con_7984,permutation_id,352
con_7985,permutation_id,353
con_7986,permutation_id,354
con_7987,permutation_id,355
con_7988,permutation_id,356
con_7989,permutation_id,357
con_7990,permutation_id,358
con_7991,permutation_id,359
con_7992,permutation_id,360
con_7993,permutation_id,361
con_7994,permutation_id,362
con_7995,permutation_id,363
con_7996,permutation_id,364
con_7997,permutation_id,365
con_7998,permutation_id,366
con_7999,permutation_id,367
con_8000,permutation_id,368
con_8001,permutation_id,369
con_8002,permutation_id,370
con_8003,permutation_id,371
con_8004,permutation_id,372
con_8005,permutation_id,373
con_8006,permutation_id,374
con_8007,permutation_id,375
con_8008,permutation_id,376
con_8009,permutation_id,377
con_8010,permutation_id,378
con_8011,permutation_id,379
con_8012,permutation_id,380
con_8013,permutation_id,381
con_8014,permutation_id,382
con_8015,permutation_id,383
con_8016,permutation_id,384
con_8017,permutation_id,385
con_8018,permutation_id,386
con_8019,permutation_id,387
con_8020,permutation_id,388
con_8021,permutation_id,389
con_8022,permutation_id,390
con_8023,permutation_id,391
con_8024,permutation_id,392
con_8025,permutation_id,393
con_8026,permutation_id,394
con_8027,permutation_id,395
con_8028,permutation_id,396
con_8029,permutation_id,397
con_8030,permutation_id,398
con_8031,permutation_id,399
con_8032,permutation_id,400
con_8033,permutation_id,401
con_8034,permutation_id,402
con_8035,permutation_id,403
con_8036,permutation_id,404
con_8037,permutation_id,405
con_8038,permutation_id,406
con_8039,permutation_id,407
con_8040,permutation_id,408
con_8041,permutation_id,409
con_8042,permutation_id,410
con_8043,permutation_id,411
con_8044,permutation_id,412
con_8045,permutation_id,413
con_8046,permutation_id,414
con_8047,permutation_id,415
con_8048,permutation_id,416
con_8049,permutation_id,417
con_8050,permutation_id,418
con_8051,permutation_id,419
con_8052,permutation_id,420
con_8053,permutation_id,421
con_8054,permutation_id,422
con_8055,permutation_id,423
con_8056,permutation_id,424
con_8057,permutation_id,425
con_8058,permutation_id,426
con_8059,permutation_id,427
con_8060,permutation_id,428
con_8061,permutation_id,429
con_8062,permutation_id,430
con_8063,permutation_id,431
con_8064,permutation_id,432
con_8065,permutation_id,433
con_8066,permutation_id,434
con_8067,permutation_id,435
con_8068,permutation_id,436
con_8069,permutation_id,437
con_8070,permutation_id,438
con_8071,permutation_id,439
con_8072,permutation_id,440
con_8073,permutation_id,441
con_8074,permutation_id,442
con_8075,permutation_id,443
con_8076,permutation_id,444
con_8077,permutation_id,445
con_8078,permutation_id,446
con_8079,permutation_id,447
con_8080,permutation_id,448
con_8081,permutation_id,449
con_8082,permutation_id,450
con_8083,permutation_id,451
con_8084,permutation_id,452
con_8085,permutation_id,453
con_8086,permutation_id,454
con_8087,permutation_id,455
con_8088,permutation_id,456
con_8089,permutation_id,457
con_8090,permutation_id,458
con_8091,permutation_id,459
con_8092,permutation_id,460
con_8093,permutation_id,461
con_8094,permutation_id,462
con_8095,permutation_id,463
con_8096,permutation_id,464
con_8097,permutation_id,465
con_8098,permutation_id,466
con_8099,permutation_id,467
con_8100,permutation_id,468
con_8101,permutation_id,469
con_8102,permutation_id,470
con_8103,permutation_id,471
con_8104,permutation_id,472
con_8105,permutation_id,473
con_8106,permutation_id,474
con_8107,permutation_id,475
con_8108,permutation_id,476
con_8109,permutation_id,477
con_8110,permutation_id,478
con_8111,permutation_id,479
con_8112,permutation_id,480
con_8113,permutation_id,481
con_8114,permutation_id,482
con_8115,permutation_id,483
con_8116,permutation_id,484
con_8117,permutation_id,485
con_8118,permutation_id,486
con_8119,permutation_id,487
con_8120,permutation_id,488
con_8121,permutation_id,489
con_8122,permutation_id,490
con_8123,permutation_id,491
con_8124,permutation_id,492
con_8125,permutation_id,493
con_8126,permutation_id,494
con_8127,permutation_id,495
con_8128,permutation_id,496
con_8129,permutation_id,497
con_8130,permutation_id,498
con_8131,permutation_id,499
con_8132,permutation_id,500
con_8133,permutation_id,501
con_8134,permutation_id,502
con_8135,permutation_id,503
con_8136,permutation_id,504
con_8137,permutation_id,505
con_8138,permutation_id,506
con_8139,permutation_id,507
con_8140,permutation_id,508
con_8141,permutation_id,509
con_8142,permutation_id,510
con_8143,permutation_id,511
con_8144,permutation_id,512
con_8145,permutation_id,513
con_8146,permutation_id,514
con_8147,permutation_id,515
con_8148,permutation_id,516
con_8149,permutation_id,517
con_8150,permutation_id,518
con_8151,permutation_id,519
con_8152,permutation_id,520
con_8153,permutation_id,521
con_8154,permutation_id,522
con_8155,permutation_id,523
con_8156,permutation_id,524
con_8157,permutation_id,525
con_8158,permutation_id,526
con_8159,permutation_id,527
con_8160,permutation_id,528
con_8161,permutation_id,529
con_8162,permutation_id,530
con_8163,permutation_id,531
con_8164,permutation_id,532
con_8165,permutation_id,533
con_8166,permutation_id,534
con_8167,permutation_id,535
con_8168,permutation_id,536
con_8169,permutation_id,537
con_8170,permutation_id,538
con_8171,permutation_id,539
con_8172,permutation_id,540
con_8173,permutation_id,541
con_8174,permutation_id,542
con_8175,permutation_id,543
con_8176,permutation_id,544
con_8177,permutation_id,545
con_8178,permutation_id,546
con_8179,permutation_id,547
con_8180,permutation_id,548
con_8181,permutation_id,549
con_8182,permutation_id,550
con_8183,permutation_id,551
con_8184,permutation_id,552
con_8185,permutation_id,553
con_8186,permutation_id,554
con_8187,permutation_id,555
con_8188,permutation_id,556
con_8189,permutation_id,557
con_8190,permutation_id,558
con_8191,permutation_id,559
con_8192,permutation_id,560
con_8193,permutation_id,561
con_8194,permutation_id,562
con_8195,permutation_id,563
con_8196,permutation_id,564
con_8197,permutation_id,565
con_8198,permutation_id,566
con_8199,permutation_id,567
con_8200,permutation_id,568
con_8201,permutation_id,569
con_8202,permutation_id,570
con_8203,permutation_id,571
con_8204,permutation_id,572
con_8205,permutation_id,573
con_8206,permutation_id,574
con_8207,permutation_id,575
con_8208,permutation_id,576
con_8209,permutation_id,577
con_8210,permutation_id,578
con_8211,permutation_id,579
con_8212,permutation_id,580
con_8213,permutation_id,581
con_8214,permutation_id,582
con_8215,permutation_id,583
con_8216,permutation_id,584
con_8217,permutation_id,585
con_8218,permutation_id,586
con_8219,permutation_id,587
con_8220,permutation_id,588
con_8221,permutation_id,589
con_8222,permutation_id,590
con_8223,permutation_id,591
con_8224,permutation_id,592
con_8225,permutation_id,593
con_8226,permutation_id,594
con_8227,permutation_id,595
con_8228,permutation_id,596
con_8229,permutation_id,597
con_8230,permutation_id,598
con_8231,permutation_id,599
con_8232,permutation_id,600
con_8233,permutation_id,601
con_8234,permutation_id,602
con_8235,permutation_id,603
con_8236,permutation_id,604
con_8237,permutation_id,605
con_8238,permutation_id,606
con_8239,permutation_id,607
con_8240,permutation_id,608
con_8241,permutation_id,609
con_8242,permutation_id,610
con_8243,permutation_id,611
con_8244,permutation_id,612
con_8245,permutation_id,613
con_8246,permutation_id,614
con_8247,permutation_id,615
con_8248,permutation_id,616
con_8249,permutation_id,617
con_8250,permutation_id,618
con_8251,permutation_id,619
con_8252,permutation_id,620
con_8253,permutation_id,621
con_8254,permutation_id,622
con_8255,permutation_id,623
con_8256,permutation_id,624
con_8257,permutation_id,625
con_8258,permutation_id,626
con_8259,permutation_id,627
con_8260,permutation_id,628
con_8261,permutation_id,629
con_8262,permutation_id,630
con_8263,permutation_id,631
con_8264,permutation_id,632
con_8265,permutation_id,633
con_8266,permutation_id,634
con_8267,permutation_id,635
con_8268,permutation_id,636
con_8269,permutation_id,637
con_8270,permutation_id,638
con_8271,permutation_id,639
con_8272,permutation_id,640
con_8273,permutation_id,641
con_8274,permutation_id,642
con_8275,permutation_id,643
con_8276,permutation_id,644
con_8277,permutation_id,645
con_8278,permutation_id,646
con_8279,permutation_id,647
con_8280,permutation_id,648
con_8281,permutation_id,649
con_8282,permutation_id,650
con_8283,permutation_id,651
con_8284,permutation_id,652
con_8285,permutation_id,653
con_8286,permutation_id,654
con_8287,permutation_id,655
con_8288,permutation_id,656
con_8289,permutation_id,657
con_8290,permutation_id,658
con_8291,permutation_id,659
con_8292,permutation_id,660
con_8293,permutation_id,661
con_8294,permutation_id,662
con_8295,permutation_id,663
con_8296,permutation_id,664
con_8297,permutation_id,665
con_8298,permutation_id,666
con_8299,permutation_id,667
con_8300,permutation_id,668
con_8301,permutation_id,669
con_8302,permutation_id,670
con_8303,permutation_id,671
con_8304,permutation_id,672
con_8305,permutation_id,673
con_8306,permutation_id,674
con_8307,permutation_id,675
con_8308,permutation_id,676
con_8309,permutation_id,677
con_8310,permutation_id,678
con_8311,permutation_id,679
con_8312,permutation_id,680
con_8313,permutation_id,681
con_8314,permutation_id,682
con_8315,permutation_id,683
con_8316,permutation_id,684
con_8317,permutation_id,685
con_8318,permutation_id,686
con_8319,permutation_id,687
con_8320,permutation_id,688
con_8321,permutation_id,689
con_8322,permutation_id,690
con_8323,permutation_id,691
con_8324,permutation_id,692
con_8325,permutation_id,693
con_8326,permutation_id,694
con_8327,permutation_id,695
con_8328,permutation_id,696
con_8329,permutation_id,697
con_8330,permutation_id,698
con_8331,permutation_id,699
con_8332,permutation_id,700
con_8333,permutation_id,701
con_8334,permutation_id,702
con_8335,permutation_id,703
con_8336,permutation_id,704
con_8337,permutation_id,705
con_8338,permutation_id,706
con_8339,permutation_id,707
con_8340,permutation_id,708
con_8341,permutation_id,709
con_8342,permutation_id,710
con_8343,permutation_id,711
con_8344,permutation_id,712
con_8345,permutation_id,713
con_8346,permutation_id,714
con_8347,permutation_id,715
con_8348,permutation_id,716
con_8349,permutation_id,717
con_8350,permutation_id,718
con_8351,permutation_id,719
con_8352,permutation_id,720
con_8353,permutation_id,721
con_8354,permutation_id,722
con_8355,permutation_id,723
con_8356,permutation_id,724
con_8357,permutation_id,725
con_8358,permutation_id,726
con_8359,permutation_id,727
con_8360,permutation_id,728
con_8361,permutation_id,729
con_8362,permutation_id,730
con_8363,permutation_id,731
con_8364,permutation_id,732
con_8365,permutation_id,733
con_8366,permutation_id,734
con_8367,permutation_id,735
con_8368,permutation_id,736
con_8369,permutation_id,737
con_8370,permutation_id,738
con_8371,permutation_id,739
con_8372,permutation_id,740
con_8373,permutation_id,741
con_8374,permutation_id,742
con_8375,permutation_id,743
con_8376,permutation_id,744
con_8377,permutation_id,745
con_8378,permutation_id,746
con_8379,permutation_id,747
con_8380,permutation_id,748
con_8381,permutation_id,749
con_8382,permutation_id,750
con_8383,permutation_id,751
con_8384,permutation_id,752
con_8385,permutation_id,753
con_8386,permutation_id,754
con_8387,permutation_id,755
con_8388,permutation_id,756
con_8389,permutation_id,757
con_8390,permutation_id,758
con_8391,permutation_id,759
con_8392,permutation_id,760
con_8393,permutation_id,761
con_8394,permutation_id,762
con_8395,permutation_id,763
con_8396,permutation_id,764
con_8397,permutation_id,765
con_8398,permutation_id,766
con_8399,permutation_id,767
con_8400,permutation_id,768
con_8401,permutation_id,769
con_8402,permutation_id,770
con_8403,permutation_id,771
con_8404,permutation_id,772
con_8405,permutation_id,773
con_8406,permutation_id,774
con_8407,permutation_id,775
con_8408,permutation_id,776
con_8409,permutation_id,777
con_8410,permutation_id,778
con_8411,permutation_id,779
con_8412,permutation_id,780
con_8413,permutation_id,781
con_8414,permutation_id,782
con_8415,permutation_id,783
con_8416,permutation_id,784
con_8417,permutation_id,785
con_8418,permutation_id,786
con_8419,permutation_id,787
con_8420,permutation_id,788
con_8421,permutation_id,789
con_8422,permutation_id,790
con_8423,permutation_id,791
con_8424,permutation_id,792
con_8425,permutation_id,793
con_8426,permutation_id,794
con_8427,permutation_id,795
con_8428,permutation_id,796
con_8429,permutation_id,797
con_8430,permutation_id,798
con_8431,permutation_id,799
con_8432,permutation_id,800
con_8433,permutation_id,801
con_8434,permutation_id,802
con_8435,permutation_id,803
con_8436,permutation_id,804
con_8437,permutation_id,805
con_8438,permutation_id,806
con_8439,permutation_id,807
con_8440,permutation_id,808
con_8441,permutation_id,809
con_8442,permutation_id,810
con_8443,permutation_id,811
con_8444,permutation_id,812
con_8445,permutation_id,813
con_8446,permutation_id,814
con_8447,permutation_id,815
con_8448,permutation_id,816
con_8449,permutation_id,817
con_8450,permutation_id,818
con_8451,permutation_id,819
con_8452,permutation_id,820
con_8453,permutation_id,821
con_8454,permutation_id,822
con_8455,permutation_id,823
con_8456,permutation_id,824
con_8457,permutation_id,825
con_8458,permutation_id,826
con_8459,permutation_id,827
con_8460,permutation_id,828
con_8461,permutation_id,829
con_8462,permutation_id,830
con_8463,permutation_id,831
con_8464,permutation_id,832
con_8465,permutation_id,833
con_8466,permutation_id,834
con_8467,permutation_id,835
con_8468,permutation_id,836
con_8469,permutation_id,837
con_8470,permutation_id,838
con_8471,permutation_id,839
con_8472,permutation_id,840
con_8473,permutation_id,841
con_8474,permutation_id,842
con_8475,permutation_id,843
con_8476,permutation_id,844
con_8477,permutation_id,845
con_8478,permutation_id,846
con_8479,permutation_id,847
con_8480,permutation_id,848
con_8481,permutation_id,849
con_8482,permutation_id,850
con_8483,permutation_id,851
con_8484,permutation_id,852
con_8485,permutation_id,853
con_8486,permutation_id,854
con_8487,permutation_id,855
con_8488,permutation_id,856
con_8489,permutation_id,857
con_8490,permutation_id,858
con_8491,permutation_id,859
con_8492,permutation_id,860
con_8493,permutation_id,861
con_8494,permutation_id,862
con_8495,permutation_id,863
con_8496,permutation_id,864
con_8497,permutation_id,865
con_8498,permutation_id,866
con_8499,permutation_id,867
con_8500,permutation_id,868
con_8501,permutation_id,869
con_8502,permutation_id,870
con_8503,permutation_id,871
con_8504,permutation_id,872
con_8505,permutation_id,873
con_8506,permutation_id,874
con_8507,permutation_id,875
con_8508,permutation_id,876
con_8509,permutation_id,877
con_8510,permutation_id,878
con_8511,permutation_id,879
con_8512,permutation_id,880
con_8513,permutation_id,881
con_8514,permutation_id,882
con_8515,permutation_id,883
con_8516,permutation_id,884
con_8517,permutation_id,885
con_8518,permutation_id,886
con_8519,permutation_id,887
con_8520,permutation_id,888
con_8521,permutation_id,889
con_8522,permutation_id,890
con_8523,permutation_id,891
con_8524,permutation_id,892
con_8525,permutation_id,893
con_8526,permutation_id,894
con_8527,permutation_id,895
con_8528,permutation_id,896
con_8529,permutation_id,897
con_8530,permutation_id,898
con_8531,permutation_id,899
con_8532,permutation_id,900
con_8533,permutation_id,901
con_8534,permutation_id,902
con_8535,permutation_id,903
con_8536,permutation_id,904
con_8537,permutation_id,905
con_8538,permutation_id,906
con_8539,permutation_id,907
con_8540,permutation_id,908
con_8541,permutation_id,909
con_8542,permutation_id,910
con_8543,permutation_id,911
con_8544,permutation_id,912
con_8545,permutation_id,913
con_8546,permutation_id,914
con_8547,permutation_id,915
con_8548,permutation_id,916
con_8549,permutation_id,917
con_8550,permutation_id,918
con_8551,permutation_id,919
con_8552,permutation_id,920
con_8553,permutation_id,921
con_8554,permutation_id,922
con_8555,permutation_id,923
con_8556,permutation_id,924
con_8557,permutation_id,925
con_8558,permutation_id,926
con_8559,permutation_id,927
con_8560,permutation_id,928
con_8561,permutation_id,929
con_8562,permutation_id,930
con_8563,permutation_id,931
con_8564,permutation_id,932
con_8565,permutation_id,933
con_8566,permutation_id,934
con_8567,permutation_id,935
con_8568,permutation_id,936
con_8569,permutation_id,937
con_8570,permutation_id,938
con_8571,permutation_id,939
con_8572,permutation_id,940
con_8573,permutation_id,941
con_8574,permutation_id,942
con_8575,permutation_id,943
con_8576,permutation_id,944
con_8577,permutation_id,945
con_8578,permutation_id,946
con_8579,permutation_id,947
con_8580,permutation_id,948
con_8581,permutation_id,949
con_8582,permutation_id,950
con_8583,permutation_id,951
con_8584,permutation_id,952
con_8585,permutation_id,953
con_8586,permutation_id,954
con_8587,permutation_id,955
con_8588,permutation_id,956
con_8589,permutation_id,957
con_8590,permutation_id,958
con_8591,permutation_id,959
con_8592,permutation_id,960
con_8593,permutation_id,961
con_8594,permutation_id,962
con_8595,permutation_id,963
con_8596,permutation_id,964
con_8597,permutation_id,965
con_8598,permutation_id,966
con_8599,permutation_id,967
con_8600,permutation_id,968
con_8601,permutation_id,969
con_8602,permutation_id,970
con_8603,permutation_id,971
con_8604,permutation_id,972
con_8605,permutation_id,973
con_8606,permutation_id,974
con_8607,permutation_id,975
con_8608,permutation_id,976
con_8609,permutation_id,977
con_8610,permutation_id,978
con_8611,permutation_id,979
con_8612,permutation_id,980
con_8613,permutation_id,981
con_8614,permutation_id,982
con_8615,permutation_id,983
con_8616,permutation_id,984
con_8617,permutation_id,985
con_8618,permutation_id,986
con_8619,permutation_id,987
con_8620,permutation_id,988
con_8621,permutation_id,989
con_8622,permutation_id,990
con_8623,permutation_id,991
con_8624,permutation_id,992
con_8625,permutation_id,993
con_8626,permutation_id,994
con_8627,permutation_id,995
con_8628,permutation_id,996
con_8629,permutation_id,997
con_8630,permutation_id,998
con_8631,permutation_id,999
con_8632,permutation_id,1000
con_8633,permutation_id,1001
con_8634,permutation_id,1002
con_8635,permutation_id,1003
con_8636,permutation_id,1004
con_8637,permutation_id,1005
con_8638,permutation_id,1006
con_8639,permutation_id,1007
con_8640,permutation_id,1008
con_8641,permutation_id,1009
con_8642,permutation_id,1010
con_8643,permutation_id,1011
con_8644,permutation_id,1012
con_8645,permutation_id,1013
con_8646,permutation_id,1014
con_8647,permutation_id,1015
con_8648,permutation_id,1016
con_8649,permutation_id,1017
con_8650,permutation_id,1018
con_8651,permutation_id,1019
con_8652,permutation_id,1020
con_8653,permutation_id,1021
con_8654,permutation_id,1022
con_8655,permutation_id,1023
con_8656,permutation_id,1024
con_8657,permutation_id,1025
con_8658,permutation_id,1026
con_8659,permutation_id,1027
con_8660,permutation_id,1028
con_8661,permutation_id,1029
con_8662,permutation_id,1030
con_8663,permutation_id,1031
con_8664,permutation_id,1032
con_8665,permutation_id,1033
con_8666,permutation_id,1034
con_8667,permutation_id,1035
con_8668,permutation_id,1036
con_8669,permutation_id,1037
con_8670,permutation_id,1038
con_8671,permutation_id,1039
con_8672,permutation_id,1040
con_8673,permutation_id,1041
con_8674,permutation_id,1042
con_8675,permutation_id,1043
con_8676,permutation_id,1044
con_8677,permutation_id,1045
con_8678,permutation_id,1046
con_8679,permutation_id,1047
con_8680,permutation_id,1048
con_8681,permutation_id,1049
con_8682,permutation_id,1050
con_8683,permutation_id,1051
con_8684,permutation_id,1052
con_8685,permutation_id,1053
con_8686,permutation_id,1054
con_8687,permutation_id,1055
con_8688,permutation_id,1056
con_8689,permutation_id,1057
con_8690,permutation_id,1058
con_8691,permutation_id,1059
con_8692,permutation_id,1060
con_8693,permutation_id,1061
con_8694,permutation_id,1062
con_8695,permutation_id,1063
con_8696,permutation_id,1064
con_8697,permutation_id,1065
con_8698,permutation_id,1066
con_8699,permutation_id,1067
con_8700,permutation_id,1068
con_8701,permutation_id,1069
con_8702,permutation_id,1070
con_8703,permutation_id,1071
con_8704,permutation_id,1072
con_8705,permutation_id,1073
con_8706,permutation_id,1074
con_8707,permutation_id,1075
con_8708,permutation_id,1076
con_8709,permutation_id,1077
con_8710,permutation_id,1078
con_8711,permutation_id,1079
con_8712,permutation_id,1080
con_8713,permutation_id,1081
con_8714,permutation_id,1082
con_8715,permutation_id,1083
con_8716,permutation_id,1084
con_8717,permutation_id,1085
con_8718,permutation_id,1086
con_8719,permutation_id,1087
con_8720,permutation_id,1088
con_8721,permutation_id,1089
con_8722,permutation_id,1090
con_8723,permutation_id,1091
con_8724,permutation_id,1092
con_8725,permutation_id,1093
con_8726,permutation_id,1094
con_8727,permutation_id,1095
con_8728,permutation_id,1096
con_8729,permutation_id,1097
con_8730,permutation_id,1098
con_8731,permutation_id,1099
con_8732,permutation_id,1100
con_8733,permutation_id,1101
con_8734,permutation_id,1102
con_8735,permutation_id,1103
con_8736,permutation_id,1104
con_8737,permutation_id,1105
con_8738,permutation_id,1106
con_8739,permutation_id,1107
con_8740,permutation_id,1108
con_8741,permutation_id,1109
con_8742,permutation_id,1110
con_8743,permutation_id,1111
con_8744,permutation_id,1112
con_8745,permutation_id,1113
con_8746,permutation_id,1114
con_8747,permutation_id,1115
con_8748,permutation_id,1116
con_8749,permutation_id,1117
con_8750,permutation_id,1118
con_8751,permutation_id,1119
con_8752,permutation_id,1120
con_8753,permutation_id,1121
con_8754,permutation_id,1122
con_8755,permutation_id,1123
con_8756,permutation_id,1124
con_8757,permutation_id,1125
con_8758,permutation_id,1126
con_8759,permutation_id,1127
con_8760,permutation_id,1128
con_8761,permutation_id,1129
con_8762,permutation_id,1130
con_8763,permutation_id,1131
con_8764,permutation_id,1132
con_8765,permutation_id,1133
con_8766,permutation_id,1134
con_8767,permutation_id,1135
con_8768,permutation_id,1136
con_8769,permutation_id,1137
con_8770,permutation_id,1138
con_8771,permutation_id,1139
con_8772,permutation_id,1140
con_8773,permutation_id,1141
con_8774,permutation_id,1142
con_8775,permutation_id,1143
con_8776,permutation_id,1144
con_8777,permutation_id,1145
con_8778,permutation_id,1146
con_8779,permutation_id,1147
con_8780,permutation_id,1148
con_8781,permutation_id,1149
con_8782,permutation_id,1150
con_8783,permutation_id,1151
con_8784,permutation_id,1152
con_8785,permutation_id,1153
con_8786,permutation_id,1154
con_8787,permutation_id,1155
con_8788,permutation_id,1156
con_8789,permutation_id,1157
con_8790,permutation_id,1158
con_8791,permutation_id,1159
con_8792,permutation_id,1160
con_8793,permutation_id,1161
con_8794,permutation_id,1162
con_8795,permutation_id,1163
con_8796,permutation_id,1164
con_8797,permutation_id,1165
con_8798,permutation_id,1166
con_8799,permutation_id,1167
con_8800,permutation_id,1168
con_8801,permutation_id,1169
con_8802,permutation_id,1170
con_8803,permutation_id,1171
con_8804,permutation_id,1172
con_8805,permutation_id,1173
con_8806,permutation_id,1174
con_8807,permutation_id,1175
con_8808,permutation_id,1176
con_8809,permutation_id,1177
con_8810,permutation_id,1178
con_8811,permutation_id,1179
con_8812,permutation_id,1180
con_8813,permutation_id,1181
con_8814,permutation_id,1182
con_8815,permutation_id,1183
con_8816,permutation_id,1184
con_8817,permutation_id,1185
con_8818,permutation_id,1186
con_8819,permutation_id,1187
con_8820,permutation_id,1188
con_8821,permutation_id,1189
con_8822,permutation_id,1190
con_8823,permutation_id,1191
con_8824,permutation_id,1192
con_8825,permutation_id,1193
con_8826,permutation_id,1194
con_8827,permutation_id,1195
con_8828,permutation_id,1196
con_8829,permutation_id,1197
con_8830,permutation_id,1198
con_8831,permutation_id,1199
con_8832,permutation_id,1200
con_8833,permutation_id,1201
con_8834,permutation_id,1202
con_8835,permutation_id,1203
con_8836,permutation_id,1204
con_8837,permutation_id,1205
con_8838,permutation_id,1206
con_8839,permutation_id,1207
con_8840,permutation_id,1208
con_8841,permutation_id,1209
con_8842,permutation_id,1210
con_8843,permutation_id,1211
con_8844,permutation_id,1212
con_8845,permutation_id,1213
con_8846,permutation_id,1214
con_8847,permutation_id,1215
con_8848,permutation_id,1216
con_8849,permutation_id,1217
con_8850,permutation_id,1218
con_8851,permutation_id,1219
con_8852,permutation_id,1220
con_8853,permutation_id,1221
con_8854,permutation_id,1222
con_8855,permutation_id,1223
con_8856,permutation_id,1224
con_8857,permutation_id,1225
con_8858,permutation_id,1226
con_8859,permutation_id,1227
con_8860,permutation_id,1228
con_8861,permutation_id,1229
con_8862,permutation_id,1230
con_8863,permutation_id,1231
con_8864,permutation_id,1232
con_8865,permutation_id,1233
con_8866,permutation_id,1234
con_8867,permutation_id,1235
con_8868,permutation_id,1236
con_8869,permutation_id,1237
con_8870,permutation_id,1238
con_8871,permutation_id,1239
con_8872,permutation_id,1240
con_8873,permutation_id,1241
con_8874,permutation_id,1242
con_8875,permutation_id,1243
con_8876,permutation_id,1244
con_8877,permutation_id,1245
con_8878,permutation_id,1246
con_8879,permutation_id,1247
con_8880,permutation_id,1248
con_8881,permutation_id,1249
con_8882,permutation_id,1250
con_8883,permutation_id,1251
con_8884,permutation_id,1252
con_8885,permutation_id,1253
con_8886,permutation_id,1254
con_8887,permutation_id,1255
con_8888,permutation_id,1256
con_8889,permutation_id,1257
con_8890,permutation_id,1258
con_8891,permutation_id,1259
